case,Q_veh_h,T_work_h,mean_deltaH,median_deltaH,median_rel_deltaH,p_benefit,p_benefit_lo95,p_benefit_hi95
baseline,50,0.050000000000000003,1.2071867033714614e-09,4.7561593484988062e-10,0.093509622998833697,0.056950000000000001,0.05382247184911465,0.060247691300199663
baseline,50,0.10000000000000001,7.8092514849171641e-10,2.8888359114384314e-10,0.04068210199614769,0.18545,0.18012409930114742,0.19089671058174795
baseline,50,0.25,-5.686859673767138e-10,9.6741733351245192e-11,0.0084749658567758769,0.39429999999999998,0.38754800870705092,0.40109258771520956
baseline,50,0.5,-2.6089633926680682e-09,-7.6417995002820161e-11,-0.0022479837240989191,0.54095000000000004,0.53403655503831216,0.54784771720869285
baseline,50,1,-7.0849303137025574e-09,-6.9444184701684478e-10,-0.0078961228048176485,0.69110000000000005,0.68466038415950137,0.69746621965985556
baseline,50,2,-1.5825901861059433e-08,-2.1920411556828431e-09,-0.010542196871911599,0.83374999999999999,0.82852621751439215,0.83884559841815798
baseline,50,4,-3.4133707173053671e-08,-5.5305246035556018e-09,-0.012122512901201452,0.96074999999999999,0.9579690483150165,0.96335399045928294
baseline,100,0.050000000000000003,2.4551254451226517e-09,9.7620688665530334e-10,0.09354709796163381,0.057099999999999998,0.053968474385399381,0.060401631153098087
baseline,100,0.10000000000000001,1.5253664416739736e-09,5.968557099045215e-10,0.040663338059962445,0.18625,0.18091499460715404,0.19170550801805158
baseline,100,0.25,-1.0845758567876682e-09,2.0525560096249869e-10,0.0091162579948439459,0.38640000000000002,0.37967412885462887,0.39316950173731818
baseline,100,0.5,-5.5305186237339637e-09,-1.4256430277968596e-10,-0.002064565629847844,0.53654999999999997,0.52963266112979379,0.54345330103450495
baseline,100,1,-1.4415462457028213e-08,-1.4519383437152882e-09,-0.0080559742787387027,0.68915000000000004,0.68269965106773489,0.69552770169224087
baseline,100,2,-3.169679610786425e-08,-4.5873673985605482e-09,-0.011178940083014982,0.84084999999999999,0.83571475213039392,0.84585433689015954
baseline,100,4,-6.5723946940182923e-08,-1.1062617793326491e-08,-0.011851589186721669,0.96199999999999997,0.95926025285746985,0.96456230582668945
baseline,200,0.050000000000000003,4.852139928162475e-09,1.8663528111067095e-09,0.093920322425689373,0.055449999999999999,0.052362794406194513,0.058707944851288107
baseline,200,0.10000000000000001,3.1286353175804999e-09,1.1943473186555719e-09,0.040364214863080214,0.18890000000000001,0.18353510259149836,0.19438438224260995
baseline,200,0.25,-2.2193421367728243e-09,3.9064973661744276e-10,0.0087054372686629911,0.39484999999999998,0.38809625940652648,0.40164412577607234
baseline,200,0.5,-1.0985131935162556e-08,-3.2470777911879896e-10,-0.0022076140446220557,0.54025000000000001,0.53333589933388292,0.54714864176360056
baseline,200,1,-2.7894945548822652e-08,-2.9114626628241266e-09,-0.0075488938576335441,0.68664999999999998,0.68018608491372834,0.69304222802652771
baseline,200,2,-6.3197726374107513e-08,-9.1227481688076916e-09,-0.010420097355086467,0.84145000000000003,0.83632239470247893,0.84644646387480726
baseline,200,4,-1.3154907664380742e-07,-2.2652931438799912e-08,-0.012334852655318009,0.96045000000000003,0.95765927032270248,0.96306388367323081
baseline,400,0.050000000000000003,9.8073374038548467e-09,3.8698142111395185e-09,0.09424317636580673,0.055550000000000002,0.052460086299166812,0.058810614551104597
baseline,400,0.10000000000000001,6.231059313998325e-09,2.324867557641378e-09,0.040501924858559406,0.1875,0.18215084365371076,0.19296917888135462
baseline,400,0.25,-4.5340080104429256e-09,7.6182182512496251e-10,0.0085558506358555768,0.39674999999999999,0.38999028534986002,0.40354937009572556
baseline,400,0.5,-2.0847911384047799e-08,-5.2160637003428041e-10,-0.0019093931753057681,0.53469999999999995,0.52778118547263464,0.54160548722507151
baseline,400,1,-5.5516961620230384e-08,-5.5362893481569253e-09,-0.007494462601614146,0.68535000000000001,0.67887911632268716,0.69174969591131485
baseline,400,2,-1.2844852459420635e-07,-1.8099738300703458e-08,-0.010468373366036357,0.83825000000000005,0.83308192710496509,0.84328816050308031
baseline,400,4,-2.6805021432003833e-07,-4.6252107619870464e-08,-0.011959169113459312,0.95794999999999997,0.95507938005322524,0.96064473412298834
baseline,600,0.050000000000000003,1.4850463808224555e-08,5.6750349115451673e-09,0.0937072389856628,0.054199999999999998,0.051146891709854564,0.057424327637768321
baseline,600,0.10000000000000001,9.4426588311798496e-09,3.4025608298183553e-09,0.040796692087300385,0.18895000000000001,0.18358454250970041,0.19443492312080224
baseline,600,0.25,-6.0414773552181524e-09,1.2621836798717069e-09,0.0092020192784494949,0.38185000000000002,0.37514002121011941,0.38860535690993819
baseline,600,0.5,-3.2117990163924116e-08,-7.8370563624810767e-10,-0.0019021815834358749,0.53564999999999996,0.52873193130564511,0.54255437652355454
baseline,600,1,-8.3145426611785115e-08,-8.658856766545857e-09,-0.0077933593317207617,0.68689999999999996,0.680437431745195,0.69329078517703302
baseline,600,2,-1.9295145260295065e-07,-2.7579789029396135e-08,-0.010627507387563566,0.83789999999999998,0.8327275443621841,0.84294267767110032
baseline,600,4,-3.9433956587471444e-07,-6.903893140565083e-08,-0.012071892185743359,0.96174999999999999,0.95900195125277066,0.96432070344941667
baseline,800,0.050000000000000003,1.9279376641121723e-08,7.5575088433449617e-09,0.093371758221803436,0.055500000000000001,0.052411439992314228,0.058759280061562787
baseline,800,0.10000000000000001,1.2615303359668175e-08,4.5791894664900498e-09,0.040539247757894484,0.18365000000000001,0.1783447231796654,0.18907677803303199
baseline,800,0.25,-9.3539026583293334e-09,1.5805271650571323e-09,0.0087958683529739661,0.38884999999999997,0.38211582896809981,0.39562686064717223
baseline,800,0.5,-4.4293529223412628e-08,-1.1184972376100001e-09,-0.0019672391411778142,0.5333,0.52638013226184377,0.54020707813681956
baseline,800,1,-1.1533142437677989e-07,-1.1725674650379337e-08,-0.0079593527741905236,0.68779999999999997,0.68134229831968607,0.69418557293764105
baseline,800,2,-2.5863461165245114e-07,-3.5603490047540553e-08,-0.010739429013049924,0.83540000000000003,0.83019648420513759,0.84047469800842756
baseline,800,4,-5.2897620154919689e-07,-9.1508770942681749e-08,-0.011919625082038574,0.95779999999999998,0.95492467401731529,0.96049949776971533
baseline,1000,0.050000000000000003,2.409309185271302e-08,9.5788358700085634e-09,0.094005665279280726,0.054850000000000003,0.051779103925743052,0.058091865775006905
baseline,1000,0.10000000000000001,1.5773622662996095e-08,6.2166301866504894e-09,0.040773986948259053,0.18215000000000001,0.17686205730641405,0.18756002001445163
baseline,1000,0.25,-1.0463769414737587e-08,2.0853144374066784e-09,0.0092018401282867521,0.38640000000000002,0.37967412885462887,0.39316950173731818
baseline,1000,0.5,-5.4098911747367439e-08,-1.2798661028954837e-09,-0.0018528669851002469,0.53354999999999997,0.52663031632433366,0.54045679805630165
baseline,1000,1,-1.4264015284880614e-07,-1.3452396333655556e-08,-0.0076299327259380656,0.68154999999999999,0.67505908103461321,0.68797119067341528
baseline,1000,2,-3.0955007827656174e-07,-4.3930536288972631e-08,-0.01039836255160703,0.83525000000000005,0.83004463417170593,0.84032660565267603
baseline,1000,4,-6.8186237821306859e-07,-1.1460055474418984e-07,-0.012186780949288505,0.96220000000000006,0.9594669163908699,0.96475556547886698
highPR,50,0.050000000000000003,6.3800004174565099e-10,1.8986614173734652e-10,0.050506411180738287,0.20169999999999999,0.19619631571085239,0.20731825300021955
highPR,50,0.10000000000000001,-3.5341894766066879e-10,-3.3838268240599147e-11,-0.0054475241585984968,0.54315000000000002,0.53623870513801475,0.55004472215034339
highPR,50,0.25,-3.5132891131405338e-09,-8.8329843536950799e-10,-0.041623556736476636,0.81659999999999999,0.8111760056140217,0.82190239715525271
highPR,50,0.5,-8.4166247209972102e-09,-2.4646136070912682e-09,-0.05263808501492849,0.90605000000000002,0.90192815904454249,0.91001588847429504
highPR,50,1,-1.8597598332803268e-08,-5.7663381632909143e-09,-0.058840141572165293,0.95450000000000002,0.95152348168985512,0.95730195753514569
highPR,50,2,-3.8577017865843846e-08,-1.2176804779201908e-08,-0.060665285322419257,0.97735000000000005,0.97519447574316276,0.97932218743407429
highPR,50,4,-8.0568345982816171e-08,-2.5826875578015846e-08,-0.063000225162439999,0.98895,0.98740442673289497,0.99030778120784024
highPR,100,0.050000000000000003,1.2878972823182905e-09,3.768173949330137e-10,0.050711369703336423,0.2034,0.19787855787307851,0.20903535791540273
highPR,100,0.10000000000000001,-8.3828400958090284e-10,-8.3243915643771076e-11,-0.0066406324974402934,0.55264999999999997,0.54574954910800944,0.55953022949528275
highPR,100,0.25,-6.9945024275725074e-09,-1.7109744123535178e-09,-0.040737576471551337,0.81625000000000003,0.81082210955247969,0.82155642764203418
highPR,100,0.5,-1.7145141523755015e-08,-4.8653013578463906e-09,-0.052473974069283141,0.91364999999999996,0.90967739838712314,0.91746373018366145
highPR,100,1,-3.7888647358086308e-08,-1.2009447492949609e-08,-0.058547740790054079,0.95199999999999996,0.94894961843812664,0.95487678096715467
highPR,100,2,-7.817663779837766e-08,-2.5026604978075902e-08,-0.062042476556076122,0.97699999999999998,0.97482906405273273,0.97898773354974333
highPR,100,4,-1.5746633472758704e-07,-5.1951128385712415e-08,-0.062300496307230203,0.98845000000000005,0.98687255690456088,0.98983984307223061
highPR,200,0.050000000000000003,2.5667958251720178e-09,7.5133792694819333e-10,0.051525303389812011,0.20185,0.19634474263296195,0.20746976846729323
highPR,200,0.10000000000000001,-1.5298552676762321e-09,-1.642010380515773e-10,-0.0066579803798712985,0.54964999999999997,0.54274585066119707,0.55653508015843167
highPR,200,0.25,-1.3856706275418757e-08,-3.4415389088696515e-09,-0.041932497020032468,0.82045000000000001,0.81506934900609485,0.82570757508554771
highPR,200,0.5,-3.4607537705180858e-08,-1.0078321521251528e-08,-0.053076219526667447,0.90890000000000004,0.90483313054628378,0.91280982236703401
highPR,200,1,-7.3883903812260505e-08,-2.3397945537168808e-08,-0.05752227684201465,0.95399999999999996,0.95100852373741995,0.95681710752363691
highPR,200,2,-1.562291763053114e-07,-5.1801619490794233e-08,-0.061147640341139786,0.97594999999999998,0.97373357175832387,0.97798362911987013
highPR,200,4,-3.1379490911475684e-07,-1.0316513610984056e-07,-0.062823616500873619,0.98955000000000004,0.98804367005798421,0.99086830743948373
highPR,400,0.050000000000000003,5.1763128569683903e-09,1.5298880689162468e-09,0.051877419582793995,0.19714999999999999,0.19169461027135326,0.20272170596782924
highPR,400,0.10000000000000001,-2.9610724264948679e-09,-3.4514800333946625e-10,-0.006975678518719922,0.55084999999999995,0.54394729963891231,0.55773317029418168
highPR,400,0.25,-2.8013275876219918e-08,-6.9559564832916537e-09,-0.04217820742042705,0.81725000000000003,0.81183326058858685,0.82254489253381491
highPR,400,0.5,-6.6552257037036574e-08,-1.9042746062786965e-08,-0.051897831428290027,0.90785000000000005,0.90376274317410676,0.91178061301492874
highPR,400,1,-1.4742191891228006e-07,-4.7077572079912664e-08,-0.057973230347133808,0.95369999999999999,0.95069959421306693,0.95652615226962379
highPR,400,2,-3.1261944342319052e-07,-1.022946331698522e-07,-0.060945832090999533,0.97929999999999995,0.97723277795586438,0.9811831362807536
highPR,400,4,-6.4300542655075969e-07,-2.1363016832116304e-07,-0.062367701649768965,0.98804999999999998,0.98644757150381546,0.98946498210182066
highPR,600,0.050000000000000003,7.9472251430563794e-09,2.2726746357477058e-09,0.050389122142498341,0.19605,0.19060645566824452,0.20161028305026146
highPR,600,0.10000000000000001,-4.3721943318046099e-09,-4.5734047002326882e-10,-0.0060355600531097195,0.54605000000000004,0.53914174661347192,0.55294056686576087
highPR,600,0.25,-4.1104509251965186e-08,-9.9182739449371388e-09,-0.040642204575801019,0.81459999999999999,0.80915384050952244,0.81992533040397642
highPR,600,0.5,-1.0221747036816609e-07,-2.9780643507332299e-08,-0.052455170843369731,0.90805000000000002,0.90396661424791391,0.91197666512669917
highPR,600,1,-2.195096999622532e-07,-6.9042689429995007e-08,-0.058792018549457266,0.95455000000000001,0.95157498271557395,0.95735043730582126
highPR,600,2,-4.7045470593397135e-07,-1.5642904648363153e-07,-0.060999555118182676,0.97785,0.97571671600338405,0.97979975513779671
highPR,600,4,-9.4178272151710253e-07,-3.1865893371482033e-07,-0.062640086206013329,0.98829999999999996,0.98671313566883978,0.9896993219187683
highPR,800,0.050000000000000003,1.0057029010459884e-08,2.9223301109994762e-09,0.049649219038415696,0.19980000000000001,0.19431634609196274,0.20539895235612243
highPR,800,0.10000000000000001,-5.790279027319197e-09,-6.2009497943496857e-10,-0.0064680333237047815,0.54674999999999996,0.53984251611215284,0.55363952851660125
highPR,800,0.25,-5.5961939662036669e-08,-1.3730019661636613e-08,-0.041101432446530951,0.81850000000000001,0.81309728380315149,0.8237803892291099
highPR,800,0.5,-1.3777594130829903e-07,-4.0292763883502284e-08,-0.05246422479852203,0.90659999999999996,0.90248867795835575,0.9105551583208199
highPR,800,1,-3.0590159737733521e-07,-9.7258824380896033e-08,-0.05892869390892963,0.95399999999999996,0.95100852373741995,0.95681710752363691
highPR,800,2,-6.3124655556572504e-07,-2.0092897746455674e-07,-0.061077625046316031,0.97665000000000002,0.97446377796976558,0.97865315405794995
highPR,800,4,-1.2783380074850407e-06,-4.1824228209788094e-07,-0.062540639481241639,0.9879,0.98628831386946725,0.9893242973469859
highPR,1000,0.050000000000000003,1.2696573672464037e-08,3.850997799809201e-09,0.051005417603725969,0.19744999999999999,0.19199139127540304,0.20302480974214582
highPR,1000,0.10000000000000001,-7.9039696427911146e-09,-7.4376715825902549e-10,-0.0060524175665298986,0.54525000000000001,0.53834088402592817,0.55214173671099431
highPR,1000,0.25,-6.8577141873643071e-08,-1.6827663954650725e-08,-0.040333673461317471,0.81389999999999996,0.80844613863433368,0.81923330112964365
highPR,1000,0.5,-1.7091191868046176e-07,-4.8665340438393557e-08,-0.052049944664749895,0.90564999999999996,0.90152053542868815,0.909623665718994
highPR,1000,1,-3.765961060668655e-07,-1.1426291311961328e-07,-0.057739250426955636,0.95504999999999995,0.95209004585514345,0.95783518213019569
highPR,1000,2,-7.7287578809976745e-07,-2.4998113432734721e-07,-0.060171867912561197,0.97729999999999995,0.97514226627609735,0.97927441610474508
highPR,1000,4,-1.6162308718177469e-06,-5.2564408217721594e-07,-0.062761551586052067,0.9899,0.98841709997596328,0.99119474309626543
baseline_fastDeploy,50,0.050000000000000003,3.5328215151073884e-10,1.3491612180964398e-10,0.03917696493845263,0.19635,0.19090321848187661,0.20191340501499569
baseline_fastDeploy,50,0.10000000000000001,-6.3688402577060088e-11,6.6156807302171488e-11,0.01379211359985312,0.34255000000000002,0.33600381927777601,0.34915665287629138
baseline_fastDeploy,50,0.25,-1.4338471992591625e-09,-5.4783470457288232e-11,-0.0029525391510523379,0.55215000000000003,0.54524891510228513,0.55903105553706312
baseline_fastDeploy,50,0.5,-3.4704592012233412e-09,-3.6441031720656368e-10,-0.0081326292870020599,0.69479999999999997,0.6883811171321137,0.70114406562042797
baseline_fastDeploy,50,1,-7.9460278341119518e-09,-1.1593167549077634e-09,-0.010916183255484766,0.84640000000000004,0.84133643315209439,0.85133052426823641
baseline_fastDeploy,50,2,-1.6678425734304087e-08,-2.7710504703403241e-09,-0.012022533492292606,0.96530000000000005,0.96267284999367364,0.96774844125251547
baseline_fastDeploy,50,4,-3.4983290613706779e-08,-6.1959544481669885e-09,-0.012857150107689237,0.99834999999999996,0.99768377680024989,0.99882482086263058
baseline_fastDeploy,100,0.050000000000000003,7.2817846712147616e-10,2.7158998154218375e-10,0.039036066310342267,0.1953,0.18986457044534441,0.20085245632724572
baseline_fastDeploy,100,0.10000000000000001,-2.0941249364727916e-10,1.2568105981473232e-10,0.013516679520327833,0.34110000000000001,0.33456079714920667,0.3477002319094234
baseline_fastDeploy,100,0.25,-2.8284916559921039e-09,-7.9843521072028525e-11,-0.002460346109791697,0.5444,0.5374899871993466,0.5512929599988714
baseline_fastDeploy,100,0.5,-7.2424658276074855e-09,-7.1022562326347884e-10,-0.0079593495715517271,0.69699999999999995,0.69059367473292776,0.70333066306096681
baseline_fastDeploy,100,1,-1.6161480788593725e-08,-2.420242716384882e-09,-0.011059317751814297,0.84599999999999997,0.84093119204300748,0.85093591900616794
baseline_fastDeploy,100,2,-3.3407781614334994e-08,-5.7744683112138672e-09,-0.012631567201635368,0.96514999999999995,0.96251760472792069,0.96760374412908501
baseline_fastDeploy,100,4,-6.743602729861747e-08,-1.2386520674255057e-08,-0.012601915406930401,0.99850000000000005,0.99785948912424971,0.99894905092781416
baseline_fastDeploy,200,0.050000000000000003,1.4315100119476408e-09,5.3064896319715351e-10,0.039378969337929781,0.19639999999999999,0.19095267943448088,0.20196392485878581
baseline_fastDeploy,200,0.10000000000000001,-3.1003578568241525e-10,2.5439218541500448e-10,0.013453214361970443,0.34734999999999999,0.34078120511614302,0.35397742349178568
baseline_fastDeploy,200,0.25,-5.6697383024833432e-09,-1.9052479979361405e-10,-0.0026944187826897403,0.55074999999999996,0.54384717734317578,0.55763333099712942
baseline_fastDeploy,200,0.5,-1.448119808802276e-08,-1.5167602791114273e-09,-0.0081017454605338442,0.69679999999999997,0.69039252601131285,0.70313188859700437
baseline_fastDeploy,200,1,-3.1337306419790359e-08,-4.7231485550017185e-09,-0.010493142554719555,0.84684999999999999,0.84179234352982346,0.85177444105805666
baseline_fastDeploy,200,2,-6.6617918016064882e-08,-1.1499269310076857e-08,-0.011898962704971858,0.96425000000000005,0.96158639525428002,0.9667352992676268
baseline_fastDeploy,200,4,-1.349618405055561e-07,-2.5470220580828048e-08,-0.013067584368679545,0.99839999999999995,0.99774221572107546,0.9988663627381994
baseline_fastDeploy,400,0.050000000000000003,2.9138325624888068e-09,1.1005603549683816e-09,0.039667913141258303,0.1923,0.18689734360618496,0.19782083538274178
baseline_fastDeploy,400,0.10000000000000001,-5.863810490977993e-10,5.129619334494854e-10,0.013624073874967394,0.34699999999999998,0.34043282898800359,0.35362593404516435
baseline_fastDeploy,400,0.25,-1.1395525581718168e-08,-4.5182298737827388e-10,-0.0030684437146336475,0.55354999999999999,0.54665070807156768,0.56042872486682338
baseline_fastDeploy,400,0.5,-2.7619845774263455e-08,-2.7953983572919842e-09,-0.0077284963104246058,0.68994999999999995,0.68350403827924977,0.69632300722303608
baseline_fastDeploy,400,1,-6.2445658042432002e-08,-9.0967332832342547e-09,-0.010540671705666879,0.84504999999999997,0.83996879156008708,0.84999868435759507
baseline_fastDeploy,400,2,-1.353626859587699e-07,-2.2900496127727088e-08,-0.011949073981117806,0.96765000000000001,0.96510673526629287,0.97001365341043255
baseline_fastDeploy,400,4,-2.7497757578520842e-07,-5.1814415981228761e-08,-0.012727984748070983,0.99834999999999996,0.99768377680024989,0.99882482086263058
baseline_fastDeploy,600,0.050000000000000003,4.4171906086762117e-09,1.6171714536367754e-09,0.039049655763870136,0.19570000000000001,0.19026023868181402,0.20125663446193126
baseline_fastDeploy,600,0.10000000000000001,-8.1169908992945998e-10,7.5928090715713617e-10,0.013770763231749902,0.34670000000000001,0.34013422400901161,0.35332465424579007
baseline_fastDeploy,600,0.25,-1.6391322961897743e-08,-4.3895931930305047e-10,-0.0023830746678630238,0.54215000000000002,0.5352377110156793,0.54904610034479118
baseline_fastDeploy,600,0.5,-4.2455605552680286e-08,-4.3558047071150354e-09,-0.0077131936658699817,0.69299999999999995,0.68657097047091875,0.69935490361142472
baseline_fastDeploy,600,1,-9.3373331428001309e-08,-1.4038735272389016e-08,-0.010726010557085525,0.8427,0.83758839903248938,0.84767997945465645
baseline_fastDeploy,600,2,-2.0326963798573814e-07,-3.5299167004333369e-08,-0.012134087460683467,0.96735000000000004,0.96479584183967593,0.96972466205868313
baseline_fastDeploy,600,4,-4.0458149263847692e-07,-7.7986444548351756e-08,-0.012804833452016141,0.99829999999999997,0.99762546200531577,0.99878315486117031
baseline_fastDeploy,800,0.050000000000000003,5.5483267844537188e-09,2.1622938369602173e-09,0.038998808113281366,0.19769999999999999,0.19223871255359767,0.20327739244592311
baseline_fastDeploy,800,0.10000000000000001,-1.0684068665850299e-09,9.9623605105837868e-10,0.013507738851832381,0.34989999999999999,0.34331949252624916,0.35653815669779343
baseline_fastDeploy,800,0.25,-2.3109263709743422e-08,-7.0221062242623579e-10,-0.0025557492310201132,0.54549999999999998,0.53859115165545357,0.55239137306344088
baseline_fastDeploy,800,0.5,-5.8124151217220789e-08,-5.7697946972037892e-09,-0.0077776889089256314,0.69305000000000005,0.68662125077584057,0.69940460410289751
baseline_fastDeploy,800,1,-1.2925075141392853e-07,-1.9352356913827048e-08,-0.010985552380369308,0.84809999999999997,0.84305884018792843,0.85300746430981134
baseline_fastDeploy,800,2,-2.7235975816400809e-07,-4.534974530223792e-08,-0.012200316416317778,0.96584999999999999,0.96324219180701498,0.96827888819951224
baseline_fastDeploy,800,4,-5.4292224224725667e-07,-1.0266779727426086e-07,-0.012682666199705286,0.998,0.99727790788782467,0.99853082420029504
baseline_fastDeploy,1000,0.050000000000000003,7.1379825906781313e-09,2.716866296605561e-09,0.039274922160475137,0.19084999999999999,0.18546336594131732,0.19635536995217209
baseline_fastDeploy,1000,0.10000000000000001,-1.6476249990781679e-09,1.3315966677001361e-09,0.013939338630236067,0.34184999999999999,0.33530717938538773,0.34845356161915814
baseline_fastDeploy,1000,0.25,-2.7846882020171841e-08,-7.7735481078018986e-10,-0.0022410661767008253,0.54100000000000004,0.53408660239912187,0.54789765064427753
baseline_fastDeploy,1000,0.5,-7.1416660296321196e-08,-7.3120078120024225e-09,-0.0077565036726365468,0.69369999999999998,0.68727490277500902,0.70005070245685597
baseline_fastDeploy,1000,1,-1.6014479822736592e-07,-2.2487360523478793e-08,-0.01057361190444448,0.84765000000000001,0.84260288797238792,0.85256358935780252
baseline_fastDeploy,1000,2,-3.2682478151064735e-07,-5.6245182026916044e-08,-0.011881440967619804,0.96335000000000004,0.96065562343864264,0.96586641674816531
baseline_fastDeploy,1000,4,-6.9908468784877523e-07,-1.2882435078915896e-07,-0.012896630091255549,0.99875000000000003,0.99815530475351888,0.99915313928051674
baseline_corr_plausible,50,0.050000000000000003,1.2678195365494321e-09,4.7854321808929856e-10,0.093501220980473032,0.0562,0.053092553461434613,0.059477897741963853
baseline_corr_plausible,50,0.10000000000000001,8.1408210033280019e-10,2.8276387965088788e-10,0.040734030164701784,0.18684999999999999,0.18150819074798388,0.19231208143395437
baseline_corr_plausible,50,0.25,-5.682379124130704e-10,8.8305466529399091e-11,0.0083825479749123355,0.39560000000000001,0.38884388845231921,0.40239620867619541
baseline_corr_plausible,50,0.5,-2.7449547073803262e-09,-7.3018700454765104e-11,-0.0023100507698593136,0.54120000000000001,0.53428679254217482,0.54809738368680216
baseline_corr_plausible,50,1,-7.4104685925713096e-09,-7.1314738589585438e-10,-0.0079437796918745765,0.69084999999999996,0.68440900067485289,0.69721769916253185
baseline_corr_plausible,50,2,-1.586496803183475e-08,-2.1588102854932212e-09,-0.010517146323340542,0.83325000000000005,0.82802011226213168,0.83835189570647473
baseline_corr_plausible,50,4,-3.4469442845504216e-08,-5.5748330541421061e-09,-0.012096442161721167,0.96045000000000003,0.95765927032270248,0.96306388367323081
baseline_corr_plausible,100,0.050000000000000003,2.5853447075997557e-09,9.7642347841776687e-10,0.093492796818107682,0.056899999999999999,0.053773805725887303,0.060196376627032616
baseline_corr_plausible,100,0.10000000000000001,1.6937179779690074e-09,5.9507292664228955e-10,0.040712880221462452,0.18734999999999999,0.18200253694936575,0.19281754319651639
baseline_corr_plausible,100,0.25,-8.8942628992907042e-10,2.0168553697366289e-10,0.0090826001451777653,0.38555,0.37882705045361731,0.39231690659962504
baseline_corr_plausible,100,0.5,-5.5162071897673195e-09,-1.2583186890887807e-10,-0.0019739068428342096,0.53700000000000003,0.53008303452615857,0.54390275480568973
baseline_corr_plausible,100,1,-1.4884258919825659e-08,-1.4009583186196292e-09,-0.008066180567084219,0.68930000000000002,0.68285047196550164,0.69567682318365709
baseline_corr_plausible,100,2,-3.3512052902779871e-08,-4.6338121774285407e-09,-0.011134073458098071,0.84214999999999995,0.83703134337890062,0.84713724634790688
baseline_corr_plausible,100,4,-6.6527898745489419e-08,-1.1037961868076991e-08,-0.011912182785070275,0.96130000000000004,0.95853708536358806,0.96388574217104994
baseline_corr_plausible,200,0.050000000000000003,5.1275195039551206e-09,1.8825723011243737e-09,0.093906086441717801,0.056399999999999999,0.053287182909097029,0.059683191479878987
baseline_corr_plausible,200,0.10000000000000001,3.3464272353603358e-09,1.1891998295890305e-09,0.040372843372694589,0.19009999999999999,0.18472170037125368,0.19559732357631993
baseline_corr_plausible,200,0.25,-2.1731595504601968e-09,3.6394577869969233e-10,0.0086785900850669812,0.39534999999999998,0.3885946769179609,0.40214551622858175
baseline_corr_plausible,200,0.5,-1.152609531427805e-08,-2.9996407329854648e-10,-0.0022598337562966132,0.54074999999999995,0.53383636629483644,0.54764798276659099
baseline_corr_plausible,200,1,-2.9003604428512448e-08,-2.7513225546936862e-09,-0.0075814026857720139,0.68635000000000002,0.67988447157892817,0.69274395658296173
baseline_corr_plausible,200,2,-6.5244201159362486e-08,-9.0503730409167154e-09,-0.010452342263467924,0.84099999999999997,0.83586666038144375,0.8460023710282929
baseline_corr_plausible,200,4,-1.4058165395866119e-07,-2.2204967151648853e-08,-0.012435186491977781,0.96004999999999996,0.957246298317318,0.96267700930745992
baseline_corr_plausible,400,0.050000000000000003,1.0357720550005213e-08,3.8615199671340009e-09,0.09418635347365048,0.055300000000000002,0.052216861981411969,0.058553934886887496
baseline_corr_plausible,400,0.10000000000000001,6.7039968593814944e-09,2.2972275788873799e-09,0.040446774849350997,0.18684999999999999,0.18150819074798388,0.19231208143395437
baseline_corr_plausible,400,0.25,-4.6376251865373836e-09,7.3127996679956258e-10,0.0085151045610059612,0.39745000000000003,0.39068811131485875,0.40425127528024835
baseline_corr_plausible,400,0.5,-2.250208259158961e-08,-4.7279232929441475e-10,-0.0018927320215382981,0.53395000000000004,0.52703061445116484,0.54085634630062562
baseline_corr_plausible,400,1,-5.920244420395018e-08,-5.2404593193400073e-09,-0.007581784969378072,0.68484999999999996,0.67837645167043215,0.69125255259962592
baseline_corr_plausible,400,2,-1.3154043261697536e-07,-1.7653579053620059e-08,-0.010451990480762126,0.83865000000000001,0.83348694635932663,0.8436829876198737
baseline_corr_plausible,400,4,-2.7429409346633095e-07,-4.4636495439231475e-08,-0.012006581756847604,0.95765,0.95476997755781812,0.96035425184002932
baseline_corr_plausible,600,0.050000000000000003,1.5784491690076742e-08,5.7414613564402617e-09,0.093723565513093604,0.053749999999999999,0.050709279984152603,0.056962112195920775
baseline_corr_plausible,600,0.10000000000000001,9.8342189355918621e-09,3.378641738615385e-09,0.040782347117776951,0.18820000000000001,0.18284295891460517,0.19367679476998167
baseline_corr_plausible,600,0.25,-6.1288830205165018e-09,1.1691178941915493e-09,0.0091827513484014182,0.38109999999999999,0.3743927007463736,0.38785296542776809
baseline_corr_plausible,600,0.5,-3.3637798719201443e-08,-7.3619589354708664e-10,-0.0018431891653338506,0.53559999999999997,0.52868189142310462,0.54250443560970063
baseline_corr_plausible,600,1,-8.7431332441819741e-08,-8.2884176737744805e-09,-0.0077779861240767573,0.68720000000000003,0.68073905080802799,0.69358905089256639
baseline_corr_plausible,600,2,-1.9481150708517334e-07,-2.7061166770115844e-08,-0.010620389458284692,0.83804999999999996,0.83287942164152773,0.84309074278093987
baseline_corr_plausible,600,4,-4.0652766974732959e-07,-6.9265072181330539e-08,-0.012015419541416919,0.96209999999999996,0.95936358214105066,0.96465893813589743
baseline_corr_plausible,800,0.050000000000000003,2.0262362633286575e-08,7.5955840729941333e-09,0.093378108444918756,0.05525,0.052168219287413393,0.058502596784491677
baseline_corr_plausible,800,0.10000000000000001,1.3180032983580442e-08,4.5078060242677395e-09,0.04052661621848986,0.18504999999999999,0.17972866579305191,0.19049229771868836
baseline_corr_plausible,800,0.25,-8.6575178214397214e-09,1.5392207626122658e-09,0.0087374265408949915,0.38905000000000001,0.38231515935778854,0.39582745344306108
baseline_corr_plausible,800,0.5,-4.5097608314203674e-08,-1.0375362581878946e-09,-0.001896291227993936,0.53395000000000004,0.52703061445116484,0.54085634630062562
baseline_corr_plausible,800,1,-1.2117406390027653e-07,-1.1136508466151736e-08,-0.0079450092601594854,0.68730000000000002,0.68083959119059478,0.69368847210278839
baseline_corr_plausible,800,2,-2.6074465434494791e-07,-3.5427320896449127e-08,-0.010750980573379408,0.83479999999999999,0.82958909322307228,0.83988231943375991
baseline_corr_plausible,800,4,-5.4952434782898512e-07,-8.9688509064877531e-08,-0.011909000429718514,0.95760000000000001,0.95471841419100933,0.9603058344104437
baseline_corr_plausible,1000,0.050000000000000003,2.5263308841157065e-08,9.7171567263288236e-09,0.093972874919086541,0.05475,0.051681832394700207,0.057989175713260961
baseline_corr_plausible,1000,0.10000000000000001,1.6732728994991532e-08,6.0910766566797914e-09,0.040799795443400816,0.18204999999999999,0.1767632177189063,0.18745889800917059
baseline_corr_plausible,1000,0.25,-1.0709675437906606e-08,1.9728163092993099e-09,0.009201845000656959,0.38645000000000002,0.37972395767118045,0.393219653717161
baseline_corr_plausible,1000,0.5,-5.7159007829911336e-08,-1.2027002239969344e-09,-0.001917713457717192,0.53464999999999996,0.52773114691614031,0.54155554498517144
baseline_corr_plausible,1000,1,-1.4499719788573021e-07,-1.3211603122828964e-08,-0.0076026929912702979,0.68215000000000003,0.67566221149446004,0.68856782977030118
baseline_corr_plausible,1000,2,-3.2196687011756425e-07,-4.4499254708803737e-08,-0.010369649023491891,0.83479999999999999,0.82958909322307228,0.83988231943375991
baseline_corr_plausible,1000,4,-6.9277789275447799e-07,-1.1369431642691243e-07,-0.01217764630579082,0.96184999999999998,0.95910526820271547,0.96441734809226065
baseline_encounter,50,0.050000000000000003,1.3557989313721886e-09,5.8313025902899227e-10,0.11239200383139802,0.05305,0.050028672311882141,0.056242988718669784
baseline_encounter,50,0.10000000000000001,1.0306407104938493e-09,5.586219985151712e-10,0.056008492926510264,0.058200000000000002,0.055039348602503063,0.061530334456670985
baseline_encounter,50,0.25,2.5169335096218044e-10,5.8446860884394805e-10,0.022428743341323706,0.065449999999999994,0.062105170061525411,0.068961728474835116
baseline_encounter,50,0.5,-9.6039320598191564e-10,5.8098589298331556e-10,0.011276409006796675,0.061449999999999998,0.058205169442093266,0.064863265382716098
baseline_encounter,50,1,-4.280671542127349e-09,5.5444794798038813e-10,0.0056231583241591844,0.066549999999999998,0.063178325709199498,0.070088150347837594
baseline_encounter,50,2,-8.3392290581907545e-09,5.6764184835837207e-10,0.0028120270592975733,0.061749999999999999,0.058497535181933506,0.065170784421242189
baseline_encounter,50,4,-2.0702966120045525e-08,5.6316560123382557e-10,0.0014043328930308059,0.063049999999999995,0.059764709531786961,0.066503110777642857
baseline_encounter,100,0.050000000000000003,2.7655177315872035e-09,1.1860488674843545e-09,0.11246929008102169,0.054100000000000002,0.051049639417846064,0.057321618336988046
baseline_encounter,100,0.10000000000000001,2.1899336133296558e-09,1.1734837390503814e-09,0.056234847355335488,0.058650000000000001,0.055477528045259634,0.061991982181463921
baseline_encounter,100,0.25,3.0592583503207419e-10,1.1677658679754188e-09,0.022471826600289707,0.060199999999999997,0.056987222662854296,0.063581692252095312
baseline_encounter,100,0.5,-2.3497644924725064e-09,1.116514960119416e-09,0.011272153654957651,0.062350000000000003,0.059082333509377687,0.065785755650530686
baseline_encounter,100,1,-8.7064128989269826e-09,1.1445486326449804e-09,0.0056357089829148187,0.066699999999999995,0.063324686210703557,0.070241732235516691
baseline_encounter,100,2,-2.1582006900048229e-08,1.1280485604807192e-09,0.0027991058887138201,0.065750000000000003,0.062397821692335334,0.069268961622391531
baseline_encounter,100,4,-4.2552455846568501e-08,1.1225500416261488e-09,0.0014068451653506133,0.060850000000000001,0.057620505574371469,0.064248159693705231
baseline_encounter,200,0.050000000000000003,5.5086755435209506e-09,2.3034902105911494e-09,0.11275212641017518,0.053600000000000002,0.050563422947016566,0.056808026843873642
baseline_encounter,200,0.10000000000000001,4.1289181237935141e-09,2.3311322363288182e-09,0.05618364251146786,0.060949999999999997,0.057717943253686017,0.064350683607179451
baseline_encounter,200,0.25,5.1413366939239125e-10,2.2319483004664883e-09,0.022434525445725183,0.063350000000000004,0.060057192658423117,0.066810512429373067
baseline_encounter,200,0.5,-3.931669862972613e-09,2.4034367019720221e-09,0.011232501509159715,0.061949999999999998,0.05869245809169861,0.065375784697054642
baseline_encounter,200,1,-1.6759674662193194e-08,2.3059504029080014e-09,0.0056257618387705547,0.064799999999999996,0.061471162336956438,0.068295985846277024
baseline_encounter,200,2,-3.780314455333859e-08,2.293491064795546e-09,0.0028090874310648375,0.061249999999999999,0.05801027143144296,0.064658240207788847
baseline_encounter,200,4,-8.6069261694454462e-08,2.2206933324237466e-09,0.0014032111161851402,0.065100000000000005,0.061763769190597846,0.068603263771001968
baseline_encounter,400,0.050000000000000003,1.0830862924244648e-08,4.652332120479135e-09,0.11282943578946827,0.054699999999999999,0.051633197730762803,0.057937829580803971
baseline_encounter,400,0.10000000000000001,8.6608220614351294e-09,4.5789385358492958e-09,0.056152483574594333,0.058549999999999998,0.055380150147309584,0.061889398486625183
baseline_encounter,400,0.25,1.5705487688130147e-09,4.610387669520306e-09,0.02247001195866306,0.061249999999999999,0.05801027143144296,0.064658240207788847
baseline_encounter,400,0.5,-9.3900377704438049e-09,4.6333997162825103e-09,0.011236781852407212,0.063350000000000004,0.060057192658423117,0.066810512429373067
baseline_encounter,400,1,-3.1417434812528334e-08,4.6557209354103819e-09,0.0056326843224485165,0.064949999999999994,0.061617463162477154,0.068449627409939456
baseline_encounter,400,2,-7.8760707566056193e-08,4.5188643988427731e-09,0.0028024026457660941,0.064000000000000001,0.060690979831793022,0.067476475609130199
baseline_encounter,400,4,-1.6612588385472407e-07,4.7219593248170887e-09,0.0014087295032871516,0.063049999999999995,0.059764709531786961,0.066503110777642857
baseline_encounter,600,0.050000000000000003,1.6748441289135518e-08,7.0345663215927017e-09,0.11252999048378529,0.055449999999999999,0.052362794406194513,0.058707944851288107
baseline_encounter,600,0.10000000000000001,1.2416941628746496e-08,6.8401059565904757e-09,0.056282483977281111,0.0596,0.056402750215166428,0.062966395143050524
baseline_encounter,600,0.25,3.1873197585110801e-09,6.803801792009957e-09,0.022510842201514579,0.062399999999999997,0.059131070697896727,0.065836999258406026
baseline_encounter,600,0.5,-1.3553663214700039e-08,7.0469680166383872e-09,0.011245327871238166,0.061350000000000002,0.058107719184714045,0.064760754047306537
baseline_encounter,600,1,-4.6120916749300155e-08,6.6840134197411449e-09,0.0056172567876039787,0.062300000000000001,0.059033596932874285,0.0657345114306397
baseline_encounter,600,2,-1.1469013881876977e-07,6.7987952600925352e-09,0.0028100788230381356,0.064899999999999999,0.061568695641742326,0.068398414134279925
baseline_encounter,600,4,-2.7496928244797166e-07,6.7343556395260515e-09,0.0014044709228236659,0.068000000000000005,0.064593352236868462,0.071572566915605956
baseline_encounter,800,0.050000000000000003,2.1525067807821907e-08,9.157434497363519e-09,0.11185070315850018,0.056250000000000001,0.053141209763403613,0.059529222236389248
baseline_encounter,800,0.10000000000000001,1.7066597146517659e-08,8.9962594516568237e-09,0.056345015559155415,0.058349999999999999,0.055185402379076466,0.061684223069280751
baseline_encounter,800,0.25,2.195862247232033e-09,9.2218664599274208e-09,0.022398700462434085,0.066600000000000006,0.063227111985019069,0.070139344868412445
baseline_encounter,800,0.5,-2.7471369706941543e-08,9.229650829367266e-09,0.011238153544027293,0.065949999999999995,0.062592934153312491,0.069473772346991924
baseline_encounter,800,1,-7.2388677414569046e-08,9.4078659336433505e-09,0.0056252953686074525,0.061699999999999998,0.05844880600362469,0.065119532803156618
baseline_encounter,800,2,-1.8110370765873149e-07,9.059888700004565e-09,0.0028101789850281771,0.067199999999999996,0.063812590669282854,0.07075363574088131
baseline_encounter,800,4,-3.508267451048186e-07,9.3694582866764248e-09,0.0014074324125044591,0.061600000000000002,0.058351349510889085,0.065017027703103442
baseline_encounter,1000,0.050000000000000003,2.7173455798826615e-08,1.1440232153071033e-08,0.11274756616009438,0.0545,0.051438666441059815,0.057732437684929409
baseline_encounter,1000,0.10000000000000001,2.1542987846288239e-08,1.2016779187818558e-08,0.056220121516025047,0.060100000000000001,0.056889804124523144,0.06347914919763771
baseline_encounter,1000,0.25,4.5856413157830407e-09,1.1530092489766482e-08,0.022495425259247269,0.061449999999999998,0.058205169442093266,0.064863265382716098
baseline_encounter,1000,0.5,-2.5279514445913311e-08,1.1518557716018913e-08,0.011249799441127428,0.064799999999999996,0.061471162336956438,0.068295985846277024
baseline_encounter,1000,1,-8.7666935891828009e-08,1.1595968582837028e-08,0.0056351140551568844,0.062100000000000002,0.058838656760784661,0.065529528417151775
baseline_encounter,1000,2,-1.8953757597383593e-07,1.1606413839769105e-08,0.0028101569469549613,0.063649999999999998,0.060349697332987305,0.067117892533175183
baseline_encounter,1000,4,-4.4660489778214077e-07,1.133679247934299e-08,0.0014054417937895435,0.065549999999999997,0.062202718323933565,0.069064141805215751
baseline_pointTarget,50,0.050000000000000003,1.5830694926314094e-09,7.2014504123497008e-10,0.82283335796176582,0,0,0.00019203605610462553
baseline_pointTarget,50,0.10000000000000001,1.5098312029882786e-09,6.7052944086999522e-10,0.39657764910198168,0,0,0.00019203605610462553
baseline_pointTarget,50,0.25,1.3593299712270564e-09,5.7916646153752106e-10,0.14636946913009982,0.0144,0.012839712664267446,0.016146792753421364
baseline_pointTarget,50,0.5,1.074507595139189e-09,3.9949740277759362e-10,0.066121596884223061,0.10745,0.10323320433388619,0.11181756317376154
baseline_pointTarget,50,1,4.6361375270417359e-10,2.1384397193281406e-10,0.026848786460139138,0.25890000000000002,0.25287602366601969,0.26501657612023399
baseline_pointTarget,50,2,-7.4122960715622249e-10,8.6395814717050568e-11,0.0074162041637637734,0.40275,0.39597211977595304,0.40956523123695932
baseline_pointTarget,50,4,-3.2273103589961535e-09,-1.1986432745304647e-10,-0.0031639949870543747,0.55554999999999999,0.54865336532760867,0.56242529946655817
baseline_pointTarget,100,0.050000000000000003,3.2023619416063621e-09,1.4750679697758711e-09,0.82164489700634213,0,0,0.00019203605610462553
baseline_pointTarget,100,0.10000000000000001,3.0899852362326211e-09,1.3905796114609946e-09,0.39851252899970224,0,0,0.00019203605610462553
baseline_pointTarget,100,0.25,2.7490450788859918e-09,1.1743159132284685e-09,0.14716397709767853,0.01375,0.012226928238886187,0.015459826825675562
baseline_pointTarget,100,0.5,2.0901996881259228e-09,7.6895283279424124e-10,0.066186375867853364,0.10730000000000001,0.10308586840282971,0.11166495671563487
baseline_pointTarget,100,1,9.2931989588783394e-10,4.3939935812257587e-10,0.027155684088353792,0.25324999999999998,0.24727085720186107,0.25932391259182647
baseline_pointTarget,100,2,-1.479829180759087e-09,1.6903740988786151e-10,0.0066933126124776145,0.41070000000000001,0.40389967725777692,0.41753462038184336
baseline_pointTarget,100,4,-6.1168927594947447e-09,-2.1335739868989622e-10,-0.0029035499174261828,0.55200000000000005,0.54509872627387901,0.55888130197628627
baseline_pointTarget,200,0.050000000000000003,6.3430943414031421e-09,2.827849630060764e-09,0.82286773926094181,0,0,0.00019203605610462553
baseline_pointTarget,200,0.10000000000000001,6.1395304615366846e-09,2.7998171086388674e-09,0.39786679553276705,0,0,0.00019203605610462553
baseline_pointTarget,200,0.25,5.428004619184506e-09,2.2170297735414532e-09,0.14622846492794406,0.015100000000000001,0.01350059669710498,0.016885639870105287
baseline_pointTarget,200,0.5,4.3039951571002091e-09,1.6154796524654083e-09,0.066269758339262463,0.10920000000000001,0.10495231607212606,0.11359777930932531
baseline_pointTarget,200,1,1.9131490914209379e-09,9.1161206562810503e-10,0.027092580388827323,0.25080000000000002,0.24484071445318425,0.25685499631717829
baseline_pointTarget,200,2,-2.9148139694555496e-09,3.5997858474596336e-10,0.0074543192187385525,0.40225,0.39547359309577795,0.40906394995319045
baseline_pointTarget,200,4,-1.2243783671866829e-08,-5.1851659724799754e-10,-0.0032745108358006956,0.55959999999999999,0.55270909230105258,0.56646801700105975
baseline_pointTarget,400,0.050000000000000003,1.2781504202053569e-08,5.7926606427423921e-09,0.82560288240931268,0,0,0.00019203605610462553
baseline_pointTarget,400,0.10000000000000001,1.2171292784923693e-08,5.4293557056288187e-09,0.39813383260904822,0,0,0.00019203605610462553
baseline_pointTarget,400,0.25,1.07887728444331e-08,4.4904889307279676e-09,0.14649489401531895,0.0146,0.013028437764245289,0.016357990839021081
baseline_pointTarget,400,0.5,8.4084676391526042e-09,3.161546721026314e-09,0.066298691217751879,0.10815,0.10392080661416332,0.11252969204300585
baseline_pointTarget,400,1,3.9272002078270918e-09,1.7294561638843366e-09,0.027344884841183033,0.25290000000000001,0.24692367841845964,0.25897122580046728
baseline_pointTarget,400,2,-6.0457314522974268e-09,7.2134805778726316e-10,0.0072798802112763183,0.40544999999999998,0.39866429057212288,0.41227202344608643
baseline_pointTarget,400,4,-2.5009882585801775e-08,-9.0407686490624615e-10,-0.0030622098498583918,0.55449999999999999,0.54760195619749197,0.56137711187239259
baseline_pointTarget,600,0.050000000000000003,1.9353802714142017e-08,8.6075685425520433e-09,0.82391137955790994,0,0,0.00019203605610462553
baseline_pointTarget,600,0.10000000000000001,1.831469576639519e-08,8.0163560935564415e-09,0.39835830967193464,0,0,0.00019203605610462553
baseline_pointTarget,600,0.25,1.6361663669993181e-08,6.7459133699870669e-09,0.14768549973436917,0.01405,0.012509641006117808,0.015776998836810278
baseline_pointTarget,600,0.5,1.2798715199847441e-08,4.8451229756890402e-09,0.066297824914281878,0.10925,0.10500143872099697,0.11364863745684879
baseline_pointTarget,600,1,5.6618254905096504e-09,2.5449891578306803e-09,0.027009675113900754,0.25985000000000003,0.2538186152500963,0.26597361966765076
baseline_pointTarget,600,2,-9.1205127490117826e-09,1.0596367761965818e-09,0.0074037571660304034,0.40589999999999998,0.39911300646514869,0.41272313472061017
baseline_pointTarget,600,4,-3.6672297062389665e-08,-1.3133512194399878e-09,-0.0030202421830318473,0.55489999999999995,0.54800248934032059,0.56177642510071912
baseline_pointTarget,800,0.050000000000000003,2.543648093900051e-08,1.1569671874268259e-08,0.81910860685320108,0,0,0.00019203605610462553
baseline_pointTarget,800,0.10000000000000001,2.443868788269199e-08,1.0902547334040911e-08,0.3986880056483425,0,0,0.00019203605610462553
baseline_pointTarget,800,0.25,2.1568437063606879e-08,9.1423815275717737e-09,0.14636936371321396,0.015650000000000001,0.014020519795078297,0.017465505532470248
baseline_pointTarget,800,0.5,1.6931045772725131e-08,6.3778969298422491e-09,0.066178016038167822,0.10845,0.1042155106705662,0.11283487276496934
baseline_pointTarget,800,1,7.4094848205633331e-09,3.5954004188940248e-09,0.026964447030482341,0.2571,0.25109016276772084,0.26320312834833476
baseline_pointTarget,800,2,-1.2424644988672779e-08,1.4459891648330201e-09,0.007118039765995782,0.40755000000000002,0.40075834872490124,0.41437715874187253
baseline_pointTarget,800,4,-4.8742448415112991e-08,-1.8684593419952944e-09,-0.0029193392859868253,0.55349999999999999,0.54660064308571021,0.56037880905628668
baseline_pointTarget,1000,0.050000000000000003,3.1447264231493967e-08,1.436139399707395e-08,0.82558568620673889,0,0,0.00019203605610462553
baseline_pointTarget,1000,0.10000000000000001,3.1085455485535749e-08,1.4368945830491962e-08,0.39890906439704787,0,0,0.00019203605610462553
baseline_pointTarget,1000,0.25,2.7445792389728468e-08,1.1462677378240334e-08,0.14729788895747081,0.01405,0.012509641006117808,0.015776998836810278
baseline_pointTarget,1000,0.5,2.1363552711557202e-08,7.9549270781317888e-09,0.066477727612698892,0.10815,0.10392080661416332,0.11252969204300585
baseline_pointTarget,1000,1,9.6429396657913234e-09,4.4538236708310239e-09,0.027269002013657978,0.25090000000000001,0.24493989897352109,0.25695577338963027
baseline_pointTarget,1000,2,-1.3462413941451521e-08,1.80924610811406e-09,0.0075458559209554046,0.40305000000000002,0.39627123930753938,0.40986599648373934
baseline_pointTarget,1000,4,-6.420722594146821e-08,-2.5311604404845248e-09,-0.0032088163962270856,0.55769999999999997,0.55080634782854676,0.56457149121057881
